29.75,30.5,nan,-2.6767174560546874,-0.565031591796875,9.205705383300781,31.777058823529412,7,8,412
29.75,30.5,nan,-2.6527754394531247,-0.59376201171875,9.358934289550781,31.68294117647059,7,7,414
29.75,30.5,nan,-2.6527754394531247,-0.5578489868164063,9.351751684570312,31.871176470588235,6,7,411
29.75,30.5,nan,-2.6719290527343746,-0.5243301635742187,9.363722692871093,31.824117647058824,6,8,412
29.75,30.5,nan,-2.6001030029296874,-0.5410895751953124,9.270348828125,31.824117647058824,6,7,412
29.75,30.5,nan,-2.712630480957031,-0.6081272216796875,9.234435803222656,31.824117647058824,7,8,412
29.75,30.5,nan,-2.6910826660156246,-0.507570751953125,9.265560424804686,31.871176470588235,6,7,412
29.75,30.5,nan,-2.6671406494140624,-0.5793968017578125,9.265560424804686,31.91823529411765,6,8,412
29.75,30.5,nan,-2.6575638427734374,-0.5434837768554687,9.258377819824219,31.824117647058824,6,7,412
29.75,30.5,nan,-2.703053674316406,-0.5674257934570313,9.315838659667968,31.871176470588235,6,8,412
29.75,30.5,nan,-2.655169641113281,-0.5746083984375,9.291896643066405,31.91823529411765,7,8,412
29.75,30.5,nan,-2.7461493041992187,-0.51714755859375,9.284714038085937,31.91823529411765,6,8,412
29.75,30.5,nan,-2.664746447753906,-0.507570751953125,9.433154541015625,31.871176470588235,6,8,412
29.75,30.5,nan,-2.6623522460937497,-0.5363011718749999,9.337386474609374,31.777058823529412,7,7,412
29.75,30.5,nan,-2.626439221191406,-0.51714755859375,9.325415466308593,31.259411764705884,7,8,412
29.75,30.5,nan,-2.664746447753906,-0.5051765502929687,9.344569079589844,31.824117647058824,6,8,412
29.75,30.5,nan,-2.7078420776367187,-0.5291185668945312,9.306261853027344,31.965294117647062,6,7,412
29.75,30.5,nan,-2.6408044311523438,-0.5770026000976562,9.313444458007812,31.871176470588235,6,7,412
29.75,30.5,nan,-2.645592834472656,-0.5458779785156249,9.255983618164063,31.871176470588235,6,7,412
29.75,30.5,nan,-2.674323254394531,-0.5219359619140624,9.260772021484375,32.012352941176474,6,8,412
29.75,30.5,nan,-2.6575638427734374,-0.6009446166992187,9.334992272949219,31.871176470588235,6,8,412
29.75,30.5,nan,-2.6216508178710938,-0.5578489868164063,9.234435803222656,31.306470588235296,7,8,412
29.75,30.5,nan,-2.6815058593749996,-0.4860229370117187,9.287108239746093,31.871176470588235,6,7,412
29.75,30.5,nan,-2.7198130859375,-0.5219359619140624,9.234435803222656,31.353529411764708,7,7,412
29.75,30.5,nan,-2.6671406494140624,-0.6488286499023437,9.193734375,32.71823529411765,7,7,412
29.75,30.5,nan,-2.70065947265625,-0.5219359619140624,9.311050256347656,31.91823529411765,6,8,412
29.75,30.5,nan,-2.6288334228515624,-0.49320554199218747,9.30147344970703,31.259411764705884,6,7,412
29.75,30.5,nan,-2.6695348510742187,-0.488417138671875,9.196128576660156,31.306470588235296,7,7,412
29.75,30.5,nan,-2.683900061035156,-0.51714755859375,9.459490759277344,31.91823529411765,6,7,412
29.75,30.5,nan,-2.6599580444335937,-0.5746083984375,9.275137231445312,31.259411764705884,6,7,412
29.75,30.5,nan,-2.6958710693359373,-0.4908113403320312,9.327809667968749,31.965294117647062,6,7,412
29.75,30.5,nan,-2.6695348510742187,-0.5386953735351562,9.255983618164063,32.71823529411765,7,7,412
29.75,30.5,nan,-2.7269956909179687,-0.5793968017578125,9.272743029785156,31.259411764705884,6,7,412
29.75,30.5,nan,-2.712630480957031,-0.4644751220703125,9.260772021484375,32.671176470588236,6,7,412
29.75,30.5,nan,-2.6767174560546874,-0.5386953735351562,9.296685046386719,31.965294117647062,6,7,412
29.75,30.5,nan,-2.70065947265625,-0.5506663818359374,9.337386474609374,31.306470588235296,7,8,412
29.75,30.5,nan,-2.6431986328124997,-0.5363011718749999,9.34696328125,32.059411764705885,6,7,412
29.75,30.5,nan,-2.683900061035156,-0.5746083984375,9.267954626464844,31.965294117647062,6,7,412
29.75,30.5,nan,-2.6910826660156246,-0.565031591796875,9.296685046386719,32.012352941176474,6,8,412
29.75,30.5,nan,-2.6671406494140624,-0.5219359619140624,9.284714038085937,32.059411764705885,7,8,412
29.75,30.5,nan,-2.6408044311523438,-0.5434837768554687,9.358934289550781,32.059411764705885,6,8,412
29.75,30.5,nan,-2.636016027832031,-0.5578489868164063,9.220070593261719,32.71823529411765,6,8,412
29.75,30.5,nan,-2.655169641113281,-0.5626373901367188,9.255983618164063,32.059411764705885,7,8,412
29.75,30.5,nan,-2.6623522460937497,-0.5123591552734374,9.284714038085937,32.012352941176474,6,7,412
29.75,30.5,nan,-2.6048914062499997,-0.5482721801757812,9.217676391601563,31.259411764705884,6,8,412
29.75,30.5,nan,-2.6192566162109374,-0.6105214233398437,9.3086560546875,32.71823529411765,6,8,412
29.75,30.5,nan,-2.6695348510742187,-0.5530605834960938,9.318232861328125,32.059411764705885,7,7,412
29.75,30.5,nan,-2.674323254394531,-0.51714755859375,9.471461767578125,31.306470588235296,7,8,412
29.75,30.5,nan,-2.6599580444335937,-0.55545478515625,9.356540087890625,32.059411764705885,6,7,412
29.75,30.5,nan,-2.592920397949219,-0.5219359619140624,9.229647399902344,32.059411764705885,7,7,412
29.75,30.5,nan,-2.6910826660156246,-0.59376201171875,9.284714038085937,32.059411764705885,7,8,412
29.75,30.5,nan,-2.655169641113281,-0.5243301635742187,9.248801013183593,32.059411764705885,6,8,412
29.75,30.5,nan,-2.664746447753906,-0.5147533569335937,9.294290844726563,32.20058823529412,6,8,412
29.75,30.5,nan,-2.6719290527343746,-0.5147533569335937,9.282319836425781,32.059411764705885,6,7,412
29.75,30.5,nan,-2.6767174560546874,-0.5506663818359374,9.26316622314453,32.1064705882353,6,8,412
29.75,30.5,nan,-2.655169641113281,-0.5386953735351562,9.255983618164063,32.059411764705885,6,7,412
29.75,30.5,nan,-2.7341782958984373,-0.5626373901367188,9.258377819824219,32.012352941176474,6,8,412
29.75,30.5,nan,-2.6623522460937497,-0.5722141967773438,9.275137231445312,32.15352941176471,7,8,412
29.75,30.5,nan,-2.6910826660156246,-0.47644613037109373,9.299079248046874,32.15352941176471,6,7,412
29.75,30.5,nan,-2.6886884643554687,-0.5434837768554687,9.327809667968749,32.059411764705885,6,7,412
29.75,30.5,nan,-2.70065947265625,-0.5243301635742187,9.30147344970703,32.15352941176471,7,8,412
29.75,30.5,nan,-2.597708801269531,-0.5458779785156249,9.311050256347656,32.012352941176474,6,7,412
29.75,30.5,nan,-2.6431986328124997,-0.5243301635742187,9.332598071289063,32.1064705882353,6,7,412
29.75,30.5,nan,-2.645592834472656,-0.5674257934570313,9.315838659667968,32.1064705882353,6,7,412
30.0,30.75,nan,-2.674323254394531,-0.603338818359375,9.241618408203124,32.1064705882353,6,7,412
30.0,30.75,nan,-2.683900061035156,-0.5602431884765625,9.311050256347656,32.1064705882353,6,7,412
30.0,30.75,nan,-2.6791116577148437,-0.4644751220703125,9.3086560546875,32.1064705882353,7,8,412
30.0,30.75,nan,-2.6791116577148437,-0.5003881469726562,9.363722692871093,32.1064705882353,6,8,412
30.0,30.75,nan,-2.683900061035156,-0.5626373901367188,9.198522778320312,32.059411764705885,6,8,412
30.0,30.75,nan,-2.6575638427734374,-0.5482721801757812,9.260772021484375,31.306470588235296,6,7,412
30.0,30.75,nan,-2.6862942626953124,-0.5386953735351562,9.229647399902344,32.059411764705885,6,7,412
30.0,30.75,nan,-2.712630480957031,-0.5051765502929687,9.315838659667968,32.20058823529412,6,7,412
30.0,30.75,nan,-2.602497204589844,-0.5243301635742187,9.22485899658203,32.1064705882353,7,7,412
30.0,30.75,nan,-2.5809493896484375,-0.4955997436523437,9.325415466308593,32.1064705882353,6,7,412
30.0,30.75,nan,-2.5139117431640625,-0.5746083984375,9.296685046386719,32.1064705882353,7,8,412
30.0,30.75,nan,-2.607285607910156,-0.5482721801757812,9.287108239746093,32.15352941176471,6,7,412
30.0,30.75,nan,-2.6527754394531247,-0.5363011718749999,9.193734375,32.059411764705885,6,7,412
30.0,30.75,nan,-2.6479870361328124,-0.5578489868164063,9.3086560546875,32.15352941176471,7,7,412
30.0,30.75,nan,-2.645592834472656,-0.4644751220703125,9.284714038085937,32.1064705882353,6,7,412
30.0,30.75,nan,-2.4971523315429685,-0.2657563842773437,9.10993731689453,32.15352941176471,7,8,412
30.0,30.75,nan,-2.645592834472656,-0.40222587890625,9.270348828125,32.059411764705885,6,7,412
30.0,30.75,nan,-2.674323254394531,-0.5315127685546874,9.251195214843749,32.1064705882353,6,7,412
30.0,30.75,nan,-2.722207287597656,-0.5363011718749999,9.282319836425781,32.15352941176471,6,8,412
30.0,30.75,nan,-2.712630480957031,-0.5363011718749999,9.30147344970703,32.059411764705885,6,7,412
30.0,30.75,nan,-2.6431986328124997,-0.5051765502929687,9.296685046386719,32.24764705882353,6,8,412
30.0,30.75,nan,-2.6719290527343746,-0.469263525390625,9.296685046386719,32.1064705882353,6,8,412
30.0,30.75,nan,-2.6623522460937497,-0.6009446166992187,9.334992272949219,32.20058823529412,6,8,412
30.0,30.75,nan,-2.6791116577148437,-0.5865794067382812,9.241618408203124,32.1064705882353,6,8,412
30.0,30.75,nan,-2.7629087158203123,-0.4644751220703125,9.718064538574218,32.1064705882353,7,8,412
30.0,30.75,nan,-2.6599580444335937,-0.19632453613281248,9.279925634765624,32.20058823529412,6,8,412
30.0,30.75,nan,-2.602497204589844,-0.7110778930664062,9.279925634765624,32.012352941176474,7,8,412
30.0,30.75,nan,-2.5139117431640625,-0.5219359619140624,9.330203869628905,32.15352941176471,6,7,412
30.0,30.75,nan,-2.6886884643554687,-0.6272808349609375,9.318232861328125,32.15352941176471,6,7,412
30.0,30.75,nan,-2.6575638427734374,-0.44532150878906246,9.287108239746093,32.1064705882353,6,7,412
30.0,30.75,nan,-2.863465185546875,-0.39743747558593745,9.26316622314453,32.15352941176471,6,7,412
30.0,30.75,nan,-2.636016027832031,-0.3711012573242187,9.215282189941405,32.059411764705885,6,7,412
30.0,30.75,nan,-2.5857377929687497,-0.4525041137695312,9.373299499511718,32.15352941176471,6,8,412
30.0,30.75,nan,-2.568978381347656,-0.46208092041015625,9.45470235595703,32.15352941176471,7,8,412
30.0,30.75,nan,-2.636016027832031,-0.5530605834960938,9.289502441406249,32.1064705882353,6,8,412
30.0,30.75,nan,-2.6431986328124997,-0.4740519287109375,9.311050256347656,32.20058823529412,6,8,412
30.0,30.75,nan,-2.722207287597656,-0.5099649536132812,9.272743029785156,32.15352941176471,6,7,412
30.0,30.75,nan,-2.6575638427734374,-0.5291185668945312,9.279925634765624,32.15352941176471,7,7,412
30.0,30.75,nan,-2.6910826660156246,-0.55545478515625,9.246406811523437,32.15352941176471,6,8,412
30.0,30.75,nan,-2.626439221191406,-0.5722141967773438,9.265560424804686,32.20058823529412,7,8,412
30.0,30.75,nan,-2.6575638427734374,-0.565031591796875,9.315838659667968,32.29470588235294,7,7,412
30.0,30.75,nan,-2.6695348510742187,-0.5291185668945312,9.30147344970703,32.15352941176471,6,8,412
30.0,30.75,nan,-2.6671406494140624,-0.4860229370117187,9.342174877929686,32.15352941176471,6,8,412
30.0,30.75,nan,-2.6815058593749996,-0.5339069702148437,9.648632690429688,32.15352941176471,7,8,412
30.0,30.75,nan,-2.6144682128906247,-0.5770026000976562,9.253589416503905,32.15352941176471,6,8,412
30.0,30.75,nan,-2.602497204589844,-0.5770026000976562,9.287108239746093,32.15352941176471,6,7,412
30.0,30.75,nan,-2.6791116577148437,-0.507570751953125,9.349357482910156,32.1064705882353,7,7,412
30.0,30.75,nan,-2.683900061035156,-0.5051765502929687,9.303867651367186,32.1064705882353,6,8,412
30.0,30.75,nan,-2.6336218261718747,-0.5123591552734374,9.306261853027344,32.24764705882353,6,8,412
30.0,30.75,nan,-2.4684219116210935,-0.7038952880859375,9.272743029785156,32.20058823529412,6,7,413
30.0,30.75,nan,-2.6312276245117188,-0.5243301635742187,9.275137231445312,32.24764705882353,7,7,412
30.0,30.75,nan,-2.6791116577148437,-0.5315127685546874,9.275137231445312,32.20058823529412,7,7,412
30.0,30.75,nan,-2.607285607910156,-0.5602431884765625,9.323021264648437,32.20058823529412,6,7,412
30.0,30.75,nan,-2.655169641113281,-0.4836287353515625,9.306261853027344,32.24764705882353,7,7,412
30.0,30.75,nan,-2.6144682128906247,-0.46208092041015625,9.323021264648437,32.1064705882353,6,8,412
30.0,30.75,nan,-2.655169641113281,-0.507570751953125,9.313444458007812,32.15352941176471,7,7,412
30.0,30.75,nan,-2.7078420776367187,-0.5267243652343749,9.30147344970703,32.15352941176471,7,7,412
30.0,30.75,nan,-2.636016027832031,-0.47165772705078124,9.323021264648437,32.15352941176471,6,7,412
30.0,30.75,nan,-2.6719290527343746,-0.5363011718749999,9.3086560546875,32.15352941176471,6,8,412
30.0,30.75,nan,-2.858676782226562,-0.469263525390625,9.600748657226562,32.20058823529412,6,7,412
30.0,30.75,nan,-2.6384102294921874,-0.5339069702148437,9.255983618164063,32.24764705882353,7,8,412
30.0,30.75,nan,-2.6312276245117188,-0.430956298828125,9.196128576660156,32.20058823529412,6,7,412
30.0,30.75,nan,-2.693476867675781,-0.49320554199218747,9.363722692871093,32.24764705882353,6,7,412
30.0,30.75,nan,-2.607285607910156,-0.5195417602539062,9.289502441406249,32.15352941176471,6,8,412
28.0,30.5,nan,-2.6862942626953124,-0.55545478515625,9.217676391601563,32.20058823529412,6,7,412
28.0,30.5,nan,-2.6144682128906247,-0.5793968017578125,9.334992272949219,32.20058823529412,7,8,412
28.0,30.5,nan,-2.798821740722656,-0.5315127685546874,9.205705383300781,32.20058823529412,6,7,412
28.0,30.5,nan,-2.7557261108398436,-0.5291185668945312,9.229647399902344,32.15352941176471,6,7,412
28.0,30.5,nan,-2.6910826660156246,-0.5674257934570313,9.258377819824219,32.20058823529412,6,7,412
28.0,30.5,nan,-2.710236279296875,-0.5817910034179687,9.306261853027344,32.15352941176471,7,7,412
28.0,30.5,nan,-2.612074011230469,-0.5626373901367188,9.270348828125,32.341764705882355,6,7,412
28.0,30.5,nan,-2.6288334228515624,-0.47884033203125,9.3086560546875,32.20058823529412,7,8,412
28.0,30.5,nan,-2.6815058593749996,-0.5291185668945312,9.205705383300781,32.15352941176471,7,7,412
28.0,30.5,nan,-2.4971523315429685,-0.45968671875,9.279925634765624,32.20058823529412,6,7,412
28.0,30.5,nan,-2.463633508300781,-0.48123453369140623,9.2320416015625,32.29470588235294,6,7,412
28.0,30.5,nan,-2.47081611328125,-0.5722141967773438,9.04050546875,32.20058823529412,6,7,412
28.0,30.5,nan,-2.6336218261718747,-0.6392518432617187,9.351751684570312,32.15352941176471,7,7,412
28.0,30.5,nan,-2.6695348510742187,-0.612915625,9.3086560546875,32.15352941176471,7,7,412
28.0,30.5,nan,-2.6623522460937497,-0.3711012573242187,9.356540087890625,32.24764705882353,7,8,413
28.0,30.5,nan,-2.5234885498046875,-0.6057330200195312,9.085995300292968,32.20058823529412,6,8,412
28.0,30.5,nan,-2.6599580444335937,-0.5434837768554687,9.368511096191405,32.24764705882353,7,7,412
28.0,30.5,nan,-2.6719290527343746,-0.5913678100585937,9.270348828125,32.24764705882353,6,8,412
28.0,30.5,nan,-2.588131994628906,-0.5339069702148437,9.306261853027344,32.29470588235294,6,7,412
28.0,30.5,nan,-2.5737667846679684,-0.5817910034179687,9.277531433105468,32.20058823529412,6,8,412
28.0,30.5,nan,-2.7269956909179687,-0.5482721801757812,9.270348828125,32.29470588235294,6,7,412
28.0,30.5,nan,-2.655169641113281,-0.59376201171875,9.662997900390625,32.20058823529412,6,8,412
28.0,30.5,nan,-2.6144682128906247,-0.4333505004882812,9.409212524414063,32.1064705882353,6,7,412
28.0,30.5,nan,-2.6192566162109374,-0.5865794067382812,9.30147344970703,32.24764705882353,6,8,412
28.0,30.5,nan,-2.7198130859375,-0.5386953735351562,9.251195214843749,32.24764705882353,6,8,412
28.0,30.5,nan,-2.6719290527343746,-0.55545478515625,9.320627062988281,32.24764705882353,7,7,412
28.0,30.5,nan,-2.6527754394531247,-0.3950432739257812,9.296685046386719,32.24764705882353,6,7,412
28.0,30.5,nan,-2.597708801269531,-0.5339069702148437,9.555258825683593,32.15352941176471,6,7,412
28.0,30.5,nan,-2.6384102294921874,-0.6009446166992187,9.354145886230468,32.24764705882353,6,8,412
28.0,30.5,nan,-2.73896669921875,-0.5674257934570313,9.291896643066405,32.24764705882353,6,8,412
28.0,30.5,nan,-2.6431986328124997,-0.5626373901367188,9.334992272949219,32.15352941176471,6,8,412
28.0,30.5,nan,-2.6216508178710938,-0.46208092041015625,9.320627062988281,32.20058823529412,6,8,412
28.0,30.5,nan,-2.602497204589844,-0.5817910034179687,9.323021264648437,32.24764705882353,6,8,412
28.0,30.5,nan,-2.6599580444335937,-0.5195417602539062,9.375693701171874,32.20058823529412,6,7,412
28.0,30.5,nan,-2.6384102294921874,-0.6200982299804687,9.255983618164063,32.29470588235294,6,7,412
28.0,30.5,nan,-2.6527754394531247,-0.5386953735351562,9.320627062988281,32.20058823529412,7,8,412
28.0,30.5,nan,-2.6408044311523438,-0.5458779785156249,9.272743029785156,32.24764705882353,7,8,412
28.0,30.5,nan,-2.6910826660156246,-0.5506663818359374,9.270348828125,32.24764705882353,6,8,412
                                                                                                                                          